a1-.jpg;crimeofpassion
a2-.jpg;kickyourheels
a3-.jpg;roundrobin
a5-.jpg;ihavefallen
a6-.jpg;friedrice
a7-.jpg;poolboy
a8-.jpg;deepwaters
a9-.jpg;callme
a10-.jpg;knockknockknockpenny
a11-.jpg;virtueofnecessity
a14-.jpg;ontheqt
a15-.jpg;whatif
a16-.jpg;muffledrapmusic
a17-.jpg;firstpost
a18-.jpg;shesawitch
a19-.jpg;lizardpoisonsspock
a20-.jpg;swansong
a21-.jpg;topdrawer
a22-.jpg;saveit
a23-.jpg;zombieattack
a24-.jpg;doublecrossed
a25-.jpg;partyongarth
a26-.jpg;ludwigvan
a27-.jpg;lookbeforecrossing
a28-.jpg;cloudnine
a29-.jpg;stinkingrich
a30-.jpg;gofurther
a31-.jpg;hodogroll
a32-.jpg;pluggednickel
a34-.jpg;comeclean
a36-.jpg;timeandpaper
a38-.jpg;goldmedal
a39-.jpg;unionjack
a40-.jpg;bookreading
a41-.jpg;wholeshebang
a42-.jpg;finagleslaw
a43-.jpg;gothicchurch
a44-.jpg;takeoutfood
a45-.jpg;roastbeef
a46-.jpg;nofriendofnine
a47-.jpg;moneylender
a48-.jpg;hellowatson
a49-.jpg;imbatman
a51-.jpg;enjoylife
a53-.jpg;onaboat
a54-.jpg;bananastand
a55-.jpg;letseat
a56-.jpg;thatsafactjack
a57-.jpg;sausages
a58-.jpg;travelsize
a60-.jpg;outtherecord
a61-.jpg;cropup
a62-.jpg;seesaw
a63-.jpg;glassceiling
a64-.jpg;spittingimage
a65-.jpg;rhymingslang
a66-.jpg;doalittledance
a67-.jpg;readallover
a68-.jpg;mydearwatson
a70-.jpg;isithot
a71-.jpg;dearsir
a72-.jpg;leftright
a73-.jpg;flatout
a75-.jpg;crabcake
a76-.jpg;bytheseashore
a77-.jpg;magiceightball
a78-.jpg;birdcage
a80-.jpg;loseface
a81-.jpg;soundofsirens
a82-.jpg;stellastella
a83-.jpg;seashell
a84-.jpg;illmaketea
a85-.jpg;heebiejeebles
a86-.jpg;takethecake
a88-.jpg;laughatme
a89-.jpg;raingoaway
a90-.jpg;mincedoaths
a91-.jpg;benimblebequick
a92-.jpg;timeandpaper
a94-.jpg;caseclossed
a95-.jpg;towekdry
a96-.jpg;dontstop
a97-.jpg;snapshot
a99-.jpg;doubletime
a101-.jpg;voigtkampf
a102-.jpg;sandybeach
a103-.jpg;lidcetysplit
a105-.jpg;thinkingcap
a106-.jpg;deepthought
a107-.jpg;clickclickclick
a108-.jpg;havepurpose
a110-.jpg;tacotuesday
a111-.jpg;ilikeyou
a112-.jpg;yessir
a113-.jpg;threeshortwords
a114-.jpg;trafficlight
a115-.jpg;hattrick
a116-.jpg;goodasgold
a117-.jpg;fishon
a118-.jpg;riversong
a119-.jpg;sabertooth
a120-.jpg;whistleandflute
a121-.jpg;junejuly
a122-.jpg;poolboy
a123-.jpg;gigawatts
a126-.jpg;goodfornothing
a127-.jpg;shakersandmovers
a128-.jpg;shanecomeback
a131-.jpg;piggyback
a132-.jpg;learnfrommistakes
a133-.jpg;catchtheman
a135-.jpg;fallingpianos
a136-.jpg;saturdaydetention
a137-.jpg;pointtopint
a138-.jpg;bananabread
a139-.jpg;thatsmyspot
a140-.jpg;redtape
a141-.jpg;captchaintherye
a142-.jpg;bloodtype
a143-.jpg;riversong
a145-.jpg;whowhanwhere
a146-.jpg;warpspeed
a147-.jpg;doublecross
a148-.jpg;buttersidedown
a149-.jpg;birthdayboy
a150-.jpg;hammertime
a151-.jpg;realmccoy
a152-.jpg;jackbenimble
a153-.jpg;moviestar
a154-.jpg;endofstory
a155-.jpg;uuddlrlrba
a156-.jpg;nosebleed
a157-.jpg;armytrainingsir
a159-.jpg;zombieattack
a160-.jpg;pipedream
a161-.jpg;trafficjam
a162-.jpg;theotherside
a163-.jpg;toomanysecrets
a164-.jpg;libertybell
a165-.jpg;ohsoclose
a166-.jpg;pizzatopping
a167-.jpg;snakeeyes
a168-.jpg;franklymydear
a169-.jpg;captchaintherye
a170-.jpg;morechocolate
a171-.jpg;doublewhammy
a172-.jpg;plusorminus
a173-.jpg;zombieattack
a174-.jpg;howsweet
a175-.jpg;ermahgerdcapcher
a176-.jpg;fathomout
a177-.jpg;boiledcabbage
a178-.jpg;beerinabottle
a179-.jpg;deadbattery
a180-.jpg;teawithjam
a182-.jpg;plainsailing
a183-.jpg;guitarplayer
a184-.jpg;havepurpose
a185-.jpg;voigtkampf
a186-.jpg;wholeshebang
a187-.jpg;roundrobin
a188-.jpg;pointsdontmatter
a189-.jpg;dramaticchipmunk
a192-.jpg;birthdaygirl
a193-.jpg;bathtowel
a194-.jpg;wantmore
a195-.jpg;doordonot
a197-.jpg;cucumbersandwich
a198-.jpg;walktheplank
a200-.jpg;sincostan
a201-.jpg;insideout
a202-.jpg;partialderivative
a203-.jpg;shesellsseashell
a204-.jpg;dontcountonit
a205-.jpg;loveyou
a206-.jpg;ludwigvan
a207-.jpg;batedbreath
a208-.jpg;welcometoearth
a210-.jpg;skysthelimit
a211-.jpg;riseandshine
a212-.jpg;longinthetooth
a213-.jpg;hairyeyeball
a214-.jpg;livelife
a215-.jpg;captchaintherye
a218-.jpg;stepback
a219-.jpg;rosebud
a222-.jpg;duvetday
a223-.jpg;chickensoup
a224-.jpg;beenthere
a225-.jpg;talkthetalk
a226-.jpg;missyou
a227-.jpg;sharedrum
a228-.jpg;intheair
a229-.jpg;aprilshowers
a230-.jpg;onanattitude
a231-.jpg;neartannhausergate
a232-.jpg;deepthought
a233-.jpg;meowmeow
a234-.jpg;partialderivative
a235-.jpg;toysoldier
a236-.jpg;vanillaicecream
a237-.jpg;hotdiggitydog
a238-.jpg;wisdomteeth
a239-.jpg;chickensoup
a241-.jpg;raintonight
a242-.jpg;inovermyhead
a243-.jpg;deadringer
a245-.jpg;upsadaisy
a246-.jpg;heresjohnny
a247-.jpg;sickpuppy
a249-.jpg;dragonfly
a250-.jpg;bonvoyage
a251-.jpg;darkhorse
a252-.jpg;callmemaybe
a254-.jpg;haveaninkling
a255-.jpg;crabcake
a256-.jpg;ohhai
a257-.jpg;flipadelphia
a258-.jpg;ohhai
a259-.jpg;itsover
a260-.jpg;propaneaccessories
a261-.jpg;youarehappy
a262-.jpg;coloredpaper
a263-.jpg;longinthetooth
a264-.jpg;inlimbo
a265-.jpg;greasetheskids
a266-.jpg;stumpup
a267-.jpg;lunchtime
a268-.jpg;imbatman
a269-.jpg;wellisntthatspecial
a270-.jpg;skidrow
a271-.jpg;laserbeams
a273-.jpg;spindoctor
a274-.jpg;whoopsadaisy
a275-.jpg;onaboat
a277-.jpg;eatyourveggies
a278-.jpg;lovelife
a279-.jpg;plentyoftime
a280-.jpg;drugsarebadmkay
a281-.jpg;toastpoints
a283-.jpg;rinkydink
a284-.jpg;checkyourcoat
a285-.jpg;rooftop
a286-.jpg;inthebox
a287-.jpg;truelife
a289-.jpg;moveablefeast
a290-.jpg;manywishes
a291-.jpg;gogadgetgo
a293-.jpg;mouthwatering
a294-.jpg;upandaway
a295-.jpg;sausages
a296-.jpg;braaains
a297-.jpg;buttersidedown
a298-.jpg;swansong
a299-.jpg;laughatme
a300-.jpg;toecurling
a302-.jpg;whatfor
a304-.jpg;createnewthings
a306-.jpg;stringalong
a307-.jpg;playhookey
a308-.jpg;hathead
a309-.jpg;smallfries
a310-.jpg;doubledutch
a311-.jpg;ohsigh
a312-.jpg;eatyourvitamins
a313-.jpg;higgledypiggledy
a314-.jpg;farsicalaquaticceremony
a316-.jpg;downwardslope
a317-.jpg;reversethepolarity
a318-.jpg;aprilmay
a319-.jpg;sweetypie
a320-.jpg;curatesegg
a321-.jpg;karmapoints
a322-.jpg;eaffhanger
a323-.jpg;chaiselounge
a324-.jpg;spaceplumber
a325-.jpg;walktheplank
a327-.jpg;bonuspoints
a328-.jpg;itwillpass
a329-.jpg;brandspankingnew
a330-.jpg;onedaymore
a331-.jpg;snapshot
a332-.jpg;foregoneconclusion
a333-.jpg;ohbrother
a334-.jpg;doeadeer
a335-.jpg;wholenineyards
a336-.jpg;singasong
a337-.jpg;youdontsay
a338-.jpg;wickedwitch
a339-.jpg;vorpalsword
a340-.jpg;downwardslope
a341-.jpg;peterout
a342-.jpg;ithinkso
a343-.jpg;practicemakesperfect
a344-.jpg;bythebook
a345-.jpg;fishusmeti
a346-.jpg;bigkahunaburger
a347-.jpg;iknownothing
a348-.jpg;littlesister
a351-.jpg;berlinwall
a352-.jpg;cliffhanger
a353-.jpg;borntorun
a354-.jpg;earmark
a355-.jpg;thinktwice
a356-.jpg;pointblank
a357-.jpg;withoutadoubt
a358-.jpg;giveortake
a359-.jpg;knockonwood
a360-.jpg;blazeatrail
a361-.jpg;ursrover
a362-.jpg;imyours
a363-.jpg;thebigeasy
a364-.jpg;murphyslaw
a365-.jpg;riseandshine
a366-.jpg;yaddayaddayadda
a367-.jpg;goodfornothing
a368-.jpg;learnchallengeimprove
a369-.jpg;sleepyhollow
a370-.jpg;liveloveinternet
a371-.jpg;asyouwish
a372-.jpg;jumphigher
a374-.jpg;rooftop
a375-.jpg;togetheragain
a377-.jpg;lookingglass
a379-.jpg;mathtest
a380-.jpg;hellowatson
a381-.jpg;gothicarch
a382-.jpg;anoff
a383-.jpg;morecoffee
a384-.jpg;yeahright
a385-.jpg;createnewthings
a386-.jpg;shakealeg
a387-.jpg;talkturkey
a389-.jpg;fellowtraveller
a390-.jpg;blackcoffee
a391-.jpg;propaneaccessories
a392-.jpg;plusorminus
a393-.jpg;somebodythatiusedtoknow
a394-.jpg;playagain
a395-.jpg;liveyourdream
a396-.jpg;startfromscratch
a397-.jpg;spaceplumber
a398-.jpg;outofsorts
a399-.jpg;imsorry
a400-.jpg;goodytwoshoes
a401-.jpg;bytheseashore
a402-.jpg;trafficlight
a403-.jpg;letitbe
a404-.jpg;candyapple
a405-.jpg;knockknockknockpenny
a406-.jpg;scotfree
a407-.jpg;happyblessings
a408-.jpg;sheeseburger
a409-.jpg;morecoffee
a410-.jpg;coleslaw
a411-.jpg;karmapoints
a412-.jpg;bigscreen
a413-.jpg;backtobasics
a415-.jpg;pushtheenvelope
a416-.jpg;wellnow
a417-.jpg;musicmachine
a418-.jpg;tasteslikechicken
a419-.jpg;countyourchange
a420-.jpg;gofurther
a421-.jpg;ithappens
a422-.jpg;rowboat
a423-.jpg;buttersidedown
a424-.jpg;stinglikeabee
a425-.jpg;beeline
a426-.jpg;benice
a427-.jpg;thereoncewas
a428-.jpg;iamcaptcha
a429-.jpg;goberserk
a430-.jpg;chickensoup
a431-.jpg;happyanniversary
a432-.jpg;overthemoon
a433-.jpg;asyouwish
a434-.jpg;intheair
a435-.jpg;fuzzywuzzy
a437-.jpg;doordonot
a438-.jpg;crosstheroad
a439-.jpg;windowdressing
a440-.jpg;headoverheels
a441-.jpg;hearmeroar
a442-.jpg;knuckledown
a443-.jpg;dicedonion
a444-.jpg;caesarsalad
a446-.jpg;oldmanwinter
a447-.jpg;singasong
a448-.jpg;royalflush
a449-.jpg;heartscontent
a450-.jpg;oxocube
a451-.jpg;ofcourse
a452-.jpg;giantbunnyrabbit
a453-.jpg;icetomeetyou
a454-.jpg;poolhouse
a455-.jpg;cabbagestew
a456-.jpg;walktheplank
a457-.jpg;howareyou
a458-.jpg;berlinwall
a461-.jpg;ilovedeadlines
a462-.jpg;smallfry
a465-.jpg;imcoldbrr
a467-.jpg;dreambig
a468-.jpg;linearalgebra
a469-.jpg;routeone
a470-.jpg;cleanhands
a472-.jpg;alloftheabove
a473-.jpg;iliketurtles
a476-.jpg;jerrybuilt
a477-.jpg;saveourbluths
a479-.jpg;carygrant
a480-.jpg;awildcaptchaappears
a481-.jpg;thatsit
a483-.jpg;bythebook
a484-.jpg;theextramile
a485-.jpg;stinkyfeet
a486-.jpg;mymindseye
a487-.jpg;frenchfried
a488-.jpg;takeumbrage
a489-.jpg;khyberpass
a490-.jpg;inthebox
a491-.jpg;livingthings
a492-.jpg;icanfixit
a494-.jpg;nostinkinbadges
a495-.jpg;summoninglip
a496-.jpg;tallstory
a497-.jpg;forgetyou
a498-.jpg;vogonpoetry
a499-.jpg;braaains
a501-.jpg;knockknockknockpenny
a502-.jpg;canilove
a503-.jpg;knockonwood
a504-.jpg;doublecrossed
a505-.jpg;itwillpass
a506-.jpg;mindthegap
a507-.jpg;dnimhead
a509-.jpg;gofurther
a510-.jpg;arewethereyet
a511-.jpg;jaygatsby
a512-.jpg;nambypamby
a513-.jpg;leaphigher
a514-.jpg;greasedlightning
a515-.jpg;lostlove
a516-.jpg;babelfish
a517-.jpg;happyretirement
a518-.jpg;nestegg
a519-.jpg;vorpalsword
a520-.jpg;thinkgreen
a521-.jpg;thisisit
a522-.jpg;armytrainingsir
a523-.jpg;backtobasics
a524-.jpg;underthesea
a526-.jpg;roastbeef
a527-.jpg;icetomeetyou
a528-.jpg;trafficjam
a529-.jpg;mybeatingheart
a530-.jpg;badbooks
a531-.jpg;marblerye
a534-.jpg;melodypond
a535-.jpg;imyours
a536-.jpg;ilovelamp
a537-.jpg;whetyourappetite
a538-.jpg;carpediem
a540-.jpg;naptime
a541-.jpg;silverbullet
a543-.jpg;takeumbrage
a544-.jpg;knowyourparadoxes
a545-.jpg;manyhappyreturns
a546-.jpg;sevensigns
a547-.jpg;birdcage
a549-.jpg;librarybook
a550-.jpg;exercisemore
a551-.jpg;nowlookhere
a552-.jpg;keyboard
a553-.jpg;thisisit
a554-.jpg;squeakyclean
a555-.jpg;yessir
a556-.jpg;heatup
a557-.jpg;magneticmonopole
a558-.jpg;trustme
a559-.jpg;visavis
a560-.jpg;captchaintherye
a561-.jpg;whatif
a563-.jpg;hearmeroar
a564-.jpg;thenightmancometh
a566-.jpg;thisstatementisfalse
a567-.jpg;andthatsthewayitis
a568-.jpg;raspberrytart
a569-.jpg;sandybeach
a570-.jpg;larkabout
a571-.jpg;blindedbyscience
a572-.jpg;headoverheels
a573-.jpg;buttonfly
a574-.jpg;rackyourbrains
a575-.jpg;pandorasbox
a576-.jpg;swansong
a577-.jpg;idkmybffjill
a578-.jpg;roastbeef
a579-.jpg;hamburgerbun
a581-.jpg;flatfoot
a583-.jpg;applepie
a584-.jpg;littlebirdtoldme
a585-.jpg;icetomeetyou
a586-.jpg;iwantcontrol
a587-.jpg;nauticalphrases
a588-.jpg;creamandsugar
a589-.jpg;sharppenai
a590-.jpg;greatscott
a592-.jpg;whoareyou
a593-.jpg;welldone
a594-.jpg;evilgenius
a595-.jpg;theoneeyedmanisking
a596-.jpg;stopwastingtime
a597-.jpg;areyouready
a598-.jpg;crocodiletears
a599-.jpg;runnynose
a601-.jpg;loveme
a602-.jpg;haveaninkling
a603-.jpg;birdcage
a604-.jpg;suntzusays
a605-.jpg;cucumbersandwich
a606-.jpg;saxandviolins
a607-.jpg;ilikepeople
a608-.jpg;mybeatingheart
a610-.jpg;riceandbeans
a612-.jpg;frenchfries
a613-.jpg;hightime
a615-.jpg;youwin
a616-.jpg;coldturkey
a617-.jpg;wickedwitch
a618-.jpg;starspangled
a620-.jpg;cropup
a621-.jpg;justfriends
a622-.jpg;pieceofcake
a623-.jpg;bonvoyage
a625-.jpg;magicdecoderring
a626-.jpg;spaceplumber
a627-.jpg;turnsignal
a628-.jpg;dragrace
a629-.jpg;pleasedaspunch
a630-.jpg;grandslam
a631-.jpg;feedingfrenzy
a632-.jpg;hushpuppies
a633-.jpg;openseason
a634-.jpg;nipandtuck
a635-.jpg;thickandthin
a636-.jpg;armytrainingsir
a637-.jpg;gogadgetgo
a638-.jpg;infradig
a640-.jpg;tickedoff
a641-.jpg;stinkyfeet
a642-.jpg;roughdiamond
a643-.jpg;gangnamstyle
a644-.jpg;gridlock
a647-.jpg;goodygoodygumdrops
a648-.jpg;noregrets
a649-.jpg;musicmachine
a650-.jpg;tickletheivories
a651-.jpg;bluesky
a652-.jpg;pipinghot
a653-.jpg;doubletime
a654-.jpg;hoitytoity
a655-.jpg;geneparmesan
a656-.jpg;overthere
a657-.jpg;fathertime
a658-.jpg;kickyourheels
a659-.jpg;urbanmyth
a660-.jpg;thebigeasy
a661-.jpg;iamcaptcha
a663-.jpg;whoopsadaisy
a664-.jpg;bazinga
a667-.jpg;raspberrytart
a671-.jpg;asiseeit
a672-.jpg;justfriends
a673-.jpg;holdyourhorses
a674-.jpg;backtobasics
a675-.jpg;snakeeyes
a676-.jpg;talkturkey
a677-.jpg;noway
a678-.jpg;higgsboson
a679-.jpg;checkyourwork
a682-.jpg;dollarbill
a683-.jpg;bluesky
a684-.jpg;knockatthedoor
a685-.jpg;fourbytwo
a687-.jpg;wheretogo
a688-.jpg;goodygoodygumdrops
a689-.jpg;watergate
a692-.jpg;loandbehold
a693-.jpg;antidentite
a694-.jpg;onceuponatime
a695-.jpg;theyateit
a696-.jpg;fancyplants
a697-.jpg;forgetyou
a698-.jpg;itsover
a700-.jpg;asiseeit
a701-.jpg;ifdoesntcount
a702-.jpg;toolate
a703-.jpg;thisstatementisfalse
a704-.jpg;morningperson
a705-.jpg;knockback
a706-.jpg;opensesame
a707-.jpg;bunnyrabbit
a708-.jpg;collaborateandlisten
a709-.jpg;whatfor
a710-.jpg;goodytwoshoes
a711-.jpg;routeone
a713-.jpg;heateddebate
a714-.jpg;exercisemore
a715-.jpg;armytrainingsir
a716-.jpg;vansurfing
a717-.jpg;snapshot
a718-.jpg;bemyfriends
a719-.jpg;asiseeit
a720-.jpg;solifelike
a721-.jpg;whowhanwhere
a723-.jpg;cheesesteack
a724-.jpg;jiminycricket
a725-.jpg;mostinterestingman
a726-.jpg;timeflies
a727-.jpg;goodygoodygumdrops
a728-.jpg;getyourgoat
a729-.jpg;fadeaway
a730-.jpg;snowflurry
a731-.jpg;boxofchocolates
a733-.jpg;mostlikely
a735-.jpg;constructionahead
a736-.jpg;franklymydear
a737-.jpg;spittingimage
a738-.jpg;canilove
a739-.jpg;easypeasy
a740-.jpg;linearalgebra
a741-.jpg;uncleleo
a742-.jpg;yellowbelly
a743-.jpg;qualitytime
a744-.jpg;coldturkey
a745-.jpg;ifdoesntcount
a746-.jpg;deepwaters
a747-.jpg;thatescalatedquickly
a748-.jpg;vegetarian
a749-.jpg;loafofbread
a750-.jpg;kickthecan
a752-.jpg;saveourbluths
a753-.jpg;hearmeroar
a754-.jpg;lessismore
a755-.jpg;sheloveshim
a756-.jpg;countingsheep
a757-.jpg;beeline
a758-.jpg;leftyloosey
a759-.jpg;firstcontact
a760-.jpg;raingoaway
a761-.jpg;heateddebate
a763-.jpg;maresnest
a764-.jpg;goldrecord
a765-.jpg;friedrice
a768-.jpg;steakandeggs
a769-.jpg;timessquare
a770-.jpg;mustachioed
a771-.jpg;larkabout
a772-.jpg;toomanysecrets
a773-.jpg;dishwater
a774-.jpg;thickandthin
a775-.jpg;votepancakes
a776-.jpg;grilledcheese
a777-.jpg;thatsafactjack
a778-.jpg;bonvoyage
a780-.jpg;poisonapple
a781-.jpg;grandslam
a782-.jpg;milkwasabadchoice
a783-.jpg;thecatlady
a784-.jpg;crosstherubicon
a785-.jpg;riversong
a786-.jpg;tacotuesday
a787-.jpg;headsup
a788-.jpg;doublecross
a789-.jpg;armytrainingsir
a790-.jpg;sincewhen
a791-.jpg;standbyme
a792-.jpg;wheelgroup
a794-.jpg;newyorkcity
a796-.jpg;headcase
a797-.jpg;smokedsalmon
a798-.jpg;nyquistrate
a799-.jpg;propaneaccessories
a800-.jpg;ihavefallen
a802-.jpg;sauerkraut
a803-.jpg;rumdo
a804-.jpg;runamok
a805-.jpg;hereisjohnny
a806-.jpg;squeakyclean
a807-.jpg;signspointtoyes
a809-.jpg;welldone
a810-.jpg;lovelife
a811-.jpg;neverquit
a812-.jpg;momanddad
a813-.jpg;mintyfresh
a814-.jpg;gonedolally
a815-.jpg;shoulderoforion
a816-.jpg;wingit
a817-.jpg;creepycrawler
a818-.jpg;downwardslope
a819-.jpg;rinkydink
a821-.jpg;geewhiz
a822-.jpg;areyouthekeymaster
a823-.jpg;stringalong
a824-.jpg;slushfund
a825-.jpg;walkfree
a826-.jpg;bonvoyage
a827-.jpg;asyouwish
a828-.jpg;clownaround
a829-.jpg;blackandwhite
a830-.jpg;powerdressing
a832-.jpg;ruleofthumb
a834-.jpg;withoutadoubt
a835-.jpg;tickledpink
a836-.jpg;bikerider
a837-.jpg;saveit
a838-.jpg;dollarbill
a839-.jpg;neadcase
a840-.jpg;thatsright
a841-.jpg;cornedbeef
a842-.jpg;ifitfits
a843-.jpg;reduplicatedphrases
a844-.jpg;hitthesack
a845-.jpg;queenofhearts
a846-.jpg;foregoneconclusion
a847-.jpg;yessir
a848-.jpg;rightleft
a849-.jpg;oncloudnine
a850-.jpg;halffull
a851-.jpg;generation
a852-.jpg;endofstory
a854-.jpg;arewethereyet
a855-.jpg;shesells
a856-.jpg;areyouthekeymaster
a857-.jpg;backtrack
a858-.jpg;hugme
a860-.jpg;havecourage
a861-.jpg;mydearwatson
a862-.jpg;softkittywarmkitty
a863-.jpg;twentyeightdays
a864-.jpg;takewrongturns
a865-.jpg;teawithmilk
a866-.jpg;stinkyfeet
a867-.jpg;okeydokey
a868-.jpg;thinkhard
a870-.jpg;beseriousnow
a871-.jpg;superstar
a872-.jpg;zigzag
a873-.jpg;inthecart
a874-.jpg;leaphigher
a875-.jpg;realmccoy
a876-.jpg;howinteresting
a877-.jpg;droptableusers
a878-.jpg;jamtomorrow
a879-.jpg;frenchphrases
a881-.jpg;bottledwater
a883-.jpg;haveaninkling
a884-.jpg;applepie
a885-.jpg;stonyhearted
a886-.jpg;steakandeggs
a887-.jpg;longdivision
a888-.jpg;sacredcow
a889-.jpg;blindedbyscience
a890-.jpg;armytraining
a891-.jpg;nestegg
a892-.jpg;spoilers
a893-.jpg;hathead
a894-.jpg;laserbeams
a895-.jpg;nobodyhome
a897-.jpg;runfather
a898-.jpg;steeringwheel
a899-.jpg;viciouscycle
a900-.jpg;icandothis
a901-.jpg;lollerskates
a902-.jpg;imustacheyouwhy
a905-.jpg;hoitytoity
a906-.jpg;larkabout
a907-.jpg;pickledypeppers
a908-.jpg;turkeysandwich
a909-.jpg;knowthyself
a910-.jpg;alwaysthere
a911-.jpg;longdivision
a912-.jpg;smallfries
a913-.jpg;stickywicket
a914-.jpg;tickedoff
a915-.jpg;yesthisisdog
a916-.jpg;rackyourbrains
a918-.jpg;curatesegg
a919-.jpg;saltandpepper
a920-.jpg;leaphigher
a921-.jpg;bytheboard
a922-.jpg;cubicspline
a924-.jpg;pellmell
a925-.jpg;saycheese
a926-.jpg;learnfrommistakes
a927-.jpg;goodevening
a929-.jpg;talkthetalk
a931-.jpg;pleasedaspunch
a932-.jpg;trainsurfing
a933-.jpg;doctorcaligari
a935-.jpg;voigtkampf
a936-.jpg;comewhatmay
a937-.jpg;pointblank
a938-.jpg;warpspeed
a939-.jpg;onefellswoop
a940-.jpg;starwarskid
a941-.jpg;stonesoup
a942-.jpg;goodmorning
a943-.jpg;ofcourse
a944-.jpg;ladiesfirst
a945-.jpg;primrosepath
a946-.jpg;tuckeredout
a947-.jpg;majorintersection
a948-.jpg;sauerkraut
a949-.jpg;readmymail
a950-.jpg;azgothsofkria
a951-.jpg;hadmeathello
a952-.jpg;buysometime
a953-.jpg;whatever
a954-.jpg;thankyoucomeagain
a955-.jpg;hammertime
a956-.jpg;goodygumdrop
a957-.jpg;pepplelikeme
a960-.jpg;doctorwho
a961-.jpg;slushfund
a962-.jpg;hamandcheese
a963-.jpg;metropolis
a964-.jpg;nicejob
a965-.jpg;boiledcabbage
a966-.jpg;circleoflife
a967-.jpg;onefellswoop
a968-.jpg;righthandturn
a970-.jpg;veganzombiewantsgrains
a971-.jpg;livelovetype
a973-.jpg;horsesmouth
a974-.jpg;doyoubelieveinmiracles
a975-.jpg;bloddtype
a976-.jpg;coveredbridge
a977-.jpg;lolcat
a978-.jpg;klatuberadanikto
a979-.jpg;guitarplayer
a980-.jpg;ofcourse
a981-.jpg;applesauce
a982-.jpg;mrsrobinson
a983-.jpg;wellread
a984-.jpg;winteriscoming
a985-.jpg;wideberth
a986-.jpg;motherearth
a987-.jpg;filthydirtymess
a988-.jpg;summoninglip
a989-.jpg;genghiskhan
a990-.jpg;icandothis
a991-.jpg;seesaw
a992-.jpg;thereisonlyzul
a994-.jpg;morningperson
a995-.jpg;fullmonty
a996-.jpg;newyorkcity
a997-.jpg;dearsir
a998-.jpg;picklejuice
a999-.jpg;timessquare
a1000-.jpg;freehat
a1001-.jpg;loandbehold
a1002-.jpg;hardenedprestoopnicks
a1003-.jpg;wildwest
a1004-.jpg;misterwilson
a1005-.jpg;untiedlaces
a1006-.jpg;soufflegirl
a1007-.jpg;gofurther
a1009-.jpg;nosyparker
a1010-.jpg;longdivision
a1012-.jpg;imblessed
a1013-.jpg;theotherside
a1014-.jpg;scotfree
a1015-.jpg;imbatman
a1016-.jpg;cardsharp
a1018-.jpg;brushyourteeth
a1019-.jpg;spendtime
a1020-.jpg;playagame
a1021-.jpg;uppercrust
a1022-.jpg;forsure
a1023-.jpg;doublecross
a1025-.jpg;lightsleeper
a1026-.jpg;domoresitups
a1027-.jpg;feedingfrenzy
a1028-.jpg;crosstheroad
a1029-.jpg;fancyfree
a1031-.jpg;hotdogroll
a1032-.jpg;thisisnotfake
a1033-.jpg;raisecain
a1034-.jpg;catchtheman
a1035-.jpg;learnsucceed
a1037-.jpg;outlookgood
a1040-.jpg;bluecheese
a1041-.jpg;saltandpepper
a1042-.jpg;jamtomorrow
a1045-.jpg;awesomesauce
a1046-.jpg;partialderivative
a1047-.jpg;silverlining
a1048-.jpg;grainofsalt
a1050-.jpg;whatsthat
a1051-.jpg;youcandothis
a1052-.jpg;followme
a1053-.jpg;wickedwitch
a1054-.jpg;sudomakesandwich
a1055-.jpg;bonvoyage
a1056-.jpg;slythytoves
a1057-.jpg;roundrobin
a1058-.jpg;pepperpot
a1059-.jpg;readallover
a1060-.jpg;easypeasy
a1061-.jpg;ihavefallen
a1063-.jpg;pathlesstaken
a1064-.jpg;leftorright
a1065-.jpg;comeclean
a1066-.jpg;pesterpower
a1067-.jpg;needsmust
a1068-.jpg;knowthyself
a1069-.jpg;openseason
a1070-.jpg;rhodeisland
a1072-.jpg;philadelphia
a1073-.jpg;nowandforever
a1076-.jpg;dearbluewater
a1077-.jpg;charmoffensive
a1078-.jpg;catchtheman
a1079-.jpg;abidewithme
a1080-.jpg;liveloveinternet
a1081-.jpg;cutandrun
a1082-.jpg;fruitsalad
a1083-.jpg;arewethereyet
a1084-.jpg;changetheworld
a1086-.jpg;marryme
a1087-.jpg;technicoloryawn
a1089-.jpg;birthdayboy
a1090-.jpg;rackyourbrains
a1092-.jpg;areyouthekeymaster
a1093-.jpg;missyou
a1094-.jpg;rentaswag
a1095-.jpg;doyouloveme
a1096-.jpg;rooftop
a1097-.jpg;goodygoodygumdrops
a1098-.jpg;beeline
a1099-.jpg;makehaste
a1101-.jpg;pointsdontmatter
a1103-.jpg;onefellswoop
a1104-.jpg;gimmepizza
a1105-.jpg;glazeddonut
a1106-.jpg;frozenpeas
a1107-.jpg;bottledwater
a1109-.jpg;walktheplank
a1110-.jpg;tideover
a1111-.jpg;allergicreaction
a1112-.jpg;fuzzywuzzy
a1113-.jpg;drivemetofirenze
a1114-.jpg;domoresitups
a1115-.jpg;greasetheskids
a1116-.jpg;baittheline
a1117-.jpg;alldancing
a1118-.jpg;silverlining
a1119-.jpg;thatescalatedquickly
a1120-.jpg;hamandcheese
a1121-.jpg;grumpycat
a1122-.jpg;saycheese
a1124-.jpg;bythebook
a1125-.jpg;creativeprocess
a1126-.jpg;thatsenougth
a1128-.jpg;goodriddance
a1130-.jpg;thebigeasy
a1131-.jpg;labouroflove
a1132-.jpg;forgetthis
a1134-.jpg;blahblahblah
a1135-.jpg;brickhouse
a1136-.jpg;bowtiesarecool
a1138-.jpg;plainsailing
a1139-.jpg;fullstop
a1140-.jpg;whoisit
a1141-.jpg;topdog
a1142-.jpg;imsorrydave
a1143-.jpg;sleaptight
a1144-.jpg;poolhouse
a1145-.jpg;sickpuppy
a1146-.jpg;buttersidedown
a1147-.jpg;goodytwoshoes
a1148-.jpg;upandaway
a1149-.jpg;bluecheese
a1150-.jpg;hamandcheese
a1151-.jpg;icandothis
a1152-.jpg;wholenineyards
a1154-.jpg;pegout
a1155-.jpg;upwardslope
a1157-.jpg;silverbullet
a1158-.jpg;practicemakesperfect
a1159-.jpg;grumpycat
a1160-.jpg;routeone
a1161-.jpg;roadlesstravelled
a1162-.jpg;letmeout
a1163-.jpg;bonvoyage
a1164-.jpg;drinkmilk
a1165-.jpg;challengeaccepted
a1166-.jpg;timewilltell
a1167-.jpg;heavenstobetsy
a1168-.jpg;elevatorgoingup
a1169-.jpg;meowmeow
a1170-.jpg;sodslaw
a1171-.jpg;dalekasylum
a1172-.jpg;perfectworld
a1173-.jpg;nospoon
a1175-.jpg;brandsparkingnew
a1176-.jpg;rooftop
a1177-.jpg;stringalong
a1178-.jpg;seashell
a1179-.jpg;remaincalm
a1180-.jpg;wingit
a1181-.jpg;wideberth
a1182-.jpg;inspades
a1183-.jpg;takeanumbrella
a1184-.jpg;twentythree
a1185-.jpg;moveover
a1186-.jpg;returntosender
a1187-.jpg;wholeshebang
a1188-.jpg;trickledown
a1189-.jpg;groundhogday
a1190-.jpg;doublewhammy
a1191-.jpg;wantmore
a1192-.jpg;nercolascerg
a1194-.jpg;safetyfirst
a1196-.jpg;mouthwatering
a1197-.jpg;untiltomorrow
a1198-.jpg;starwarskid
a1199-.jpg;manywishes
a1200-.jpg;mooncheese
a1201-.jpg;goodluck
a1202-.jpg;mumbojumbo
a1203-.jpg;catspajamas
a1205-.jpg;makehaste
a1206-.jpg;lawofsines
a1207-.jpg;knockonwood
a1208-.jpg;weakestlink
a1209-.jpg;pattycake
a1210-.jpg;fastasleep
a1211-.jpg;backgroundnoise
a1212-.jpg;dinnerbell
a1214-.jpg;mainchance
a1215-.jpg;inthelimelight
a1216-.jpg;untiedlaces
a1217-.jpg;thatshot
a1218-.jpg;rightleft
a1219-.jpg;jamtomorrow
a1222-.jpg;betternexttime
a1224-.jpg;dramaticchipmunk
a1225-.jpg;pushharder
a1226-.jpg;jerrybuilt
a1227-.jpg;attilathehun
a1229-.jpg;backgroundnoise
a1230-.jpg;whateven
a1231-.jpg;justdeserts
a1232-.jpg;scienceclass
a1233-.jpg;blackcoffee
a1234-.jpg;cabbagestew
a1235-.jpg;strikeamatch
a1236-.jpg;asiseeit
a1237-.jpg;learntheropes
a1238-.jpg;dogsdinner
a1239-.jpg;smellthat
a1240-.jpg;blackmonday
a1241-.jpg;yadayada
a1242-.jpg;pennyloafer
a1244-.jpg;dontbelate
a1245-.jpg;firstcontact
a1247-.jpg;birthdayboy
a1248-.jpg;mumstheword
a1249-.jpg;horsesmouth
a1250-.jpg;tunein
a1251-.jpg;londoncalling
a1252-.jpg;cheeseburger
a1253-.jpg;pressintoservice
a1254-.jpg;coldcomfort
a1255-.jpg;sacredcow
a1256-.jpg;wildwest
a1257-.jpg;clearbluewater
a1258-.jpg;rentaswag
a1259-.jpg;takeoutfood
a1260-.jpg;pellmell
a1261-.jpg;thereisnospoon
a1262-.jpg;doyouloveme
a1263-.jpg;gathersmoss
a1264-.jpg;nicemarmot
a1265-.jpg;outofsorts
a1266-.jpg;backtobasics
a1267-.jpg;filthydirtymess
a1268-.jpg;neverquit
a1269-.jpg;rentaswag
a1270-.jpg;kindnessofstrangers
a1271-.jpg;untilnexttime
a1272-.jpg;livetransmission
a1273-.jpg;ringfencing
a1274-.jpg;whatever
a1276-.jpg;blueribbon
a1277-.jpg;beseriousnow
a1278-.jpg;brokenheart
a1280-.jpg;mybad
a1281-.jpg;ridethesubway
a1282-.jpg;bathtowel
a1283-.jpg;spaceisbig
a1285-.jpg;alldancing
a1286-.jpg;welcometoearth
a1287-.jpg;sorrysight
a1288-.jpg;hellowatson
a1290-.jpg;threestrikes
a1291-.jpg;goodgrief
a1292-.jpg;remaincalm
a1293-.jpg;snapshot
a1294-.jpg;babyboomer
a1296-.jpg;evileye
a1297-.jpg;jiminycricket
a1298-.jpg;mrsrobinson
a1299-.jpg;poiintblank
a1300-.jpg;blindedbyscience
a1301-.jpg;getoverit
a1302-.jpg;vogonpoetry
a1303-.jpg;slushfund
a1304-.jpg;thereisonlyzul
a1305-.jpg;globalwarming
a1306-.jpg;sodslaw
a1307-.jpg;philadelphia
a1308-.jpg;hoitytoity
a1309-.jpg;onaboat
a1310-.jpg;boomerang
a1311-.jpg;onceagain
a1312-.jpg;motleycrew
a1313-.jpg;nobodyhome
a1314-.jpg;saturdaydetention
a1315-.jpg;doordonot
a1316-.jpg;beerinabottle
a1317-.jpg;sevenatenine
a1318-.jpg;globalwarming
a1319-.jpg;knickknack
a1320-.jpg;thisisit
a1321-.jpg;makemyday
a1322-.jpg;loveisblind
a1323-.jpg;iwantcontrol
a1324-.jpg;knowthyself
a1325-.jpg;onefellswoop
a1326-.jpg;dicedonion
a1327-.jpg;plentyoftime
a1328-.jpg;heavenstobetsy
a1329-.jpg;pumpkinpie
a1330-.jpg;poeticjustice
a1331-.jpg;checkyourcoat
a1332-.jpg;runfather
a1333-.jpg;heartache
a1334-.jpg;beltup
a1335-.jpg;inovermyhead
a1336-.jpg;yesmaam
a1337-.jpg;gadzooks
a1338-.jpg;leavebritheyalone
a1339-.jpg;isithotinhere
a1340-.jpg;takenaback
a1341-.jpg;inspades
a1342-.jpg;fezesarecool
a1343-.jpg;thatsright
a1346-.jpg;englishmuffin
a1349-.jpg;knuckledown
a1350-.jpg;canilove
a1351-.jpg;skipaturn
a1352-.jpg;hadmeathello
a1353-.jpg;lollypop
a1354-.jpg;walktheplank
a1355-.jpg;learnsucceed
a1356-.jpg;iknownothing
a1357-.jpg;crabcake
a1358-.jpg;porkpies
a1359-.jpg;getyourgoat
a1360-.jpg;dishwater
a1361-.jpg;sharpstick
a1362-.jpg;paytheferryman
a1363-.jpg;lolcat
a1364-.jpg;shootthrough
a1365-.jpg;lagerfrenzy
a1366-.jpg;nowlookhere
a1367-.jpg;countingsheep
a1368-.jpg;eatyourdinner
a1369-.jpg;howaboutthat
a1370-.jpg;honeymustard
a1372-.jpg;bizarrojerry
a1373-.jpg;seashell
a1374-.jpg;bonuspoints
a1375-.jpg;rackandruin
a1376-.jpg;wheelgroup
a1378-.jpg;changetheworld
a1379-.jpg;catgotyourtongue
a1380-.jpg;libertybell
a1381-.jpg;theextramile
a1384-.jpg;drummerboy
a1385-.jpg;rhymingslang
a1386-.jpg;ilikeyou
a1387-.jpg;thatshot
a1388-.jpg;grapesoda
a1389-.jpg;snapshot
a1390-.jpg;hellosweetie
a1391-.jpg;deepthought
a1392-.jpg;scienceitworks
a1393-.jpg;domesticspying
a1394-.jpg;moviestar
a1395-.jpg;goodnight
a1396-.jpg;smallfries
a1397-.jpg;thirtyonedays
a1398-.jpg;anothercastle
a1399-.jpg;kissme
a1400-.jpg;noholdsbarred
a1402-.jpg;steakandeggs
a1403-.jpg;londoncalling
a1404-.jpg;biggerintexas
a1405-.jpg;vegout
a1406-.jpg;untilnexttime
a1407-.jpg;timemachine
a1408-.jpg;chinboy
a1409-.jpg;brushyourteeth
a1410-.jpg;cliffhanger
a1412-.jpg;iwantcontrol
a1413-.jpg;bondjamesbond
a1414-.jpg;buttonfly
a1415-.jpg;cheesesteack
a1416-.jpg;respectme
a1417-.jpg;theoneeyedmanisking
a1418-.jpg;copanattitude
a1419-.jpg;skidrow
a1420-.jpg;mymndseye
a1422-.jpg;nobodyhome
a1423-.jpg;nauticalphrases
a1424-.jpg;notabot
a1425-.jpg;thisisit
a1427-.jpg;headsup
a1428-.jpg;betternexttime
a1429-.jpg;frenchfries
a1430-.jpg;jumphigher
a1431-.jpg;pegout
a1432-.jpg;thatshot
a1433-.jpg;pizzatopping
a1434-.jpg;learnsucceed
a1435-.jpg;imustacheyouwhy
a1436-.jpg;okeydokey
a1437-.jpg;sonicscrewdriver
a1439-.jpg;roadlesstravelled
a1440-.jpg;asyouwish
a1441-.jpg;anothercastle
a1442-.jpg;junejuly
a1443-.jpg;betternexttime
a1444-.jpg;openseason
a1445-.jpg;youtheman
a1446-.jpg;awesomedude
a1447-.jpg;knickknack
a1449-.jpg;tallbuilding
a1450-.jpg;sacredcow
a1451-.jpg;mostlikely
a1452-.jpg;capitalgain
a1453-.jpg;nostinkinbadges
a1454-.jpg;highflyer
a1455-.jpg;spendtime
a1456-.jpg;sincostan
a1457-.jpg;raisecain
a1458-.jpg;powertool
a1460-.jpg;knowtheropes
a1461-.jpg;untilnexttime
a1462-.jpg;upsadaisy
a1464-.jpg;comeondown
a1465-.jpg;primrosepath
a1466-.jpg;agreetodisagree
a1467-.jpg;hoagieroll
a1468-.jpg;toodleoo
a1469-.jpg;antidentite
a1470-.jpg;xylophone
a1471-.jpg;whowhatwhere
a1472-.jpg;somebodythatiusedtoknow
a1473-.jpg;squirrelfriend
a1475-.jpg;beautifulfriendship
a1476-.jpg;badegg
a1477-.jpg;questioneverything
a1478-.jpg;biggerintexas
a1479-.jpg;slowdown
a1481-.jpg;exceedinglywellread
a1482-.jpg;reachhigher
a1483-.jpg;bonuspoints
a1484-.jpg;knowthyself
a1485-.jpg;frabinusday
a1486-.jpg;workout
a1487-.jpg;accidentallyonpurpose
a1488-.jpg;nittygritty
a1489-.jpg;thebigapple
a1490-.jpg;blackmonday
a1491-.jpg;sevensigns
a1492-.jpg;endofstory
a1493-.jpg;tickledpink
a1494-.jpg;easypeasy
a1495-.jpg;makemyday
a1496-.jpg;teawithjam
a1497-.jpg;nyoustrate
a1498-.jpg;wildandcrazyguys
a1499-.jpg;applepie
a1500-.jpg;hocuspocus
a1501-.jpg;againstthegrain
a1503-.jpg;spellingbee
a1504-.jpg;youdontsay
a1505-.jpg;howdypartner
a1506-.jpg;snowshovel
a1507-.jpg;livelife
a1508-.jpg;doodahman
a1509-.jpg;laserbeams
a1510-.jpg;dicedonion
a1511-.jpg;rhymingslang
a1512-.jpg;thinktwice
a1513-.jpg;bettercallsaul
a1514-.jpg;happyclappy
a1516-.jpg;meddlingkids
a1517-.jpg;mooshoopork
a1519-.jpg;handsdown
a1520-.jpg;geewhiz
a1521-.jpg;saveourbluths
a1522-.jpg;forbiddenfruit
a1524-.jpg;easypeasy
a1525-.jpg;firstcontact
a1526-.jpg;haveaninkling
a1527-.jpg;sheloveshim
a1529-.jpg;lightsleeper
a1530-.jpg;reduplicatedphrases
a1531-.jpg;thebigcheese
a1532-.jpg;mishmash
a1535-.jpg;fifthcolumn
a1536-.jpg;bottledwater
a1537-.jpg;readysetgo
a1538-.jpg;firebrimstone
a1539-.jpg;livetransmission
a1540-.jpg;raingoaway
a1541-.jpg;letseat
a1543-.jpg;creativevision
a1544-.jpg;upsadaisy
a1545-.jpg;roastbeef
a1546-.jpg;comewhatmay
a1547-.jpg;wellnow
a1548-.jpg;happyblessings
a1549-.jpg;loafofbread
a1550-.jpg;smellingsalt
a1551-.jpg;realmccoy
a1552-.jpg;doalittledance
a1553-.jpg;teaearlgrayhot
a1554-.jpg;kickthecan
a1555-.jpg;cookiecutter
a1556-.jpg;justdance
a1557-.jpg;nestegg
a1558-.jpg;watchout
a1559-.jpg;thenightmancometh
a1560-.jpg;turkeysandwich
a1561-.jpg;vicevesa
a1562-.jpg;hardcaptchaishard
a1563-.jpg;ringfencing
a1565-.jpg;playagame
a1566-.jpg;notyet
a1567-.jpg;lunchtime
a1568-.jpg;takeanumbrella
a1569-.jpg;burningoil
a1570-.jpg;tallbuilding
a1571-.jpg;spruceup
a1572-.jpg;areyouthekeymaster
a1573-.jpg;virtueofnecessity
a1574-.jpg;wildwest
a1575-.jpg;playitagainsam
a1576-.jpg;catsanddogs
a1577-.jpg;changetheworld
a1580-.jpg;hotdiggitydog
a1581-.jpg;forthebirds
a1582-.jpg;sincewhen
a1583-.jpg;icandothis
a1584-.jpg;dogapus
a1585-.jpg;scienceitworks
a1586-.jpg;challengeaccepted
a1587-.jpg;flipflops
a1588-.jpg;babyblues
a1589-.jpg;neverquit
a1590-.jpg;pluggednickel
a1591-.jpg;shesawitch
a1592-.jpg;threestrikes
a1593-.jpg;roygbiv
a1594-.jpg;greasedlightning
a1595-.jpg;rollingstone
a1596-.jpg;thecatlady
a1597-.jpg;shoeshine
a1598-.jpg;dinnerbell
a1599-.jpg;thatsafactjack
a1600-.jpg;bathwater
a1601-.jpg;cleanandshiny
a1602-.jpg;foulplay
a1603-.jpg;sulphersmell
a1604-.jpg;seekbeauty
a1606-.jpg;karmapoints
a1608-.jpg;battleroyale
a1609-.jpg;viennacalling
a1610-.jpg;thinair
a1611-.jpg;openseason
a1612-.jpg;pickme
a1613-.jpg;twotone
a1614-.jpg;feetofsnow
a1615-.jpg;rosielea
a1616-.jpg;wildwest
a1617-.jpg;nodice
a1618-.jpg;sunshine
a1619-.jpg;gungho
a1622-.jpg;cheesefries
a1623-.jpg;passinglane
a1624-.jpg;readysetgo
a1625-.jpg;getwell
a1626-.jpg;goosebumps
a1627-.jpg;dragonwithmatches
a1628-.jpg;rubiconcrossed
a1629-.jpg;majorintersection
a1630-.jpg;coffeecan
a1631-.jpg;gathersmoss
a1632-.jpg;doublecross
a1633-.jpg;guitarplayer
a1634-.jpg;nevergiveup
a1635-.jpg;muffledrapmusic
a1636-.jpg;dontcountonit
a1638-.jpg;becareful
a1639-.jpg;garlicyum
a1641-.jpg;teawithjam
a1642-.jpg;pondlife
a1643-.jpg;comeondown
a1644-.jpg;blessyou
a1645-.jpg;toodleoo
a1646-.jpg;goodgrief
a1647-.jpg;foolsparadise
a1648-.jpg;rinkydink
a1649-.jpg;fishandchips
a1650-.jpg;onceagain
a1651-.jpg;iloveyou
a1652-.jpg;heybrother
a1653-.jpg;benimblebequick
a1656-.jpg;stoolpigeon
a1657-.jpg;curryfavour
a1658-.jpg;loveisblind
a1659-.jpg;topnotch
a1660-.jpg;whoathere
a1661-.jpg;dynamoclock
a1663-.jpg;yaddayaddayadda
a1664-.jpg;oopsadaisy
a1665-.jpg;toomanysecrets
a1667-.jpg;sixesandsevens
a1668-.jpg;sixesandsevens
a1669-.jpg;itwillpass
a1670-.jpg;sciencefair
a1671-.jpg;learntheropes
a1672-.jpg;selectfrontable
a1673-.jpg;uncleleo
a1674-.jpg;loveme
a1675-.jpg;bakedinapie
a1676-.jpg;writingdesk
a1677-.jpg;blackjack
a1678-.jpg;toboot
a1679-.jpg;isee
a1680-.jpg;tealeaf
a1681-.jpg;wouldyoubelieve
a1682-.jpg;newyorkcity
a1683-.jpg;mustachioed
a1684-.jpg;narrowminded
a1685-.jpg;deadringer
a1686-.jpg;hellosweetie
a1687-.jpg;primetime
a1688-.jpg;smallfry
a1689-.jpg;leavebritheyalone
a1690-.jpg;heebiejeebies
a1691-.jpg;creepycrawler
a1692-.jpg;geezlouise
a1693-.jpg;fancyfree
a1694-.jpg;buckleyourshoe
a1695-.jpg;rowboat
a1696-.jpg;mybeatingheart
a1697-.jpg;freehat
a1700-.jpg;pieareround
a1701-.jpg;letseat
a1702-.jpg;sheldonalphafive
a1703-.jpg;nittygritty
a1705-.jpg;pipedown
a1706-.jpg;buffalowing
a1707-.jpg;chickensoup
a1708-.jpg;inovermyhead
a1709-.jpg;flipflops
a1711-.jpg;levelplayingfield
a1712-.jpg;bathwater
a1713-.jpg;mostlikely
a1714-.jpg;threeshortwords
a1717-.jpg;thinkcreatedo
a1718-.jpg;soso
a1719-.jpg;pointtopoint
a1720-.jpg;funwithflags
a1721-.jpg;treatyoself
a1722-.jpg;forthegipper
a1723-.jpg;bigkahunaburger
a1724-.jpg;winteriscoming
a1725-.jpg;seemslegit
a1726-.jpg;hitthesack
a1729-.jpg;saturdaydetention
a1730-.jpg;greasedlightning
a1731-.jpg;fullofstars
a1732-.jpg;solifelike
a1733-.jpg;gungho
a1734-.jpg;stoolpigeon
a1735-.jpg;higgledypiggledy
a1736-.jpg;saveit
a1737-.jpg;thisisit
a1738-.jpg;teawithmilk
a1739-.jpg;sacredcow
a1740-.jpg;sixesandsevens
a1741-.jpg;justdance
a1742-.jpg;vegetarian
a1744-.jpg;slushfund
a1745-.jpg;wideberth
a1746-.jpg;inthebox
a1747-.jpg;hocuspocus
a1748-.jpg;loseface
a1749-.jpg;ohwait
a1750-.jpg;thebigcheese
a1751-.jpg;beerinabottle
a1752-.jpg;squeakyclean
a1753-.jpg;captchaintherye
a1754-.jpg;heebiejeebies
a1755-.jpg;learnfrommistakes
a1756-.jpg;lunchtime
a1757-.jpg;questioneverything
a1758-.jpg;knockatthedoor
a1759-.jpg;truelife
a1761-.jpg;rosielea
a1762-.jpg;sharppencil
a1763-.jpg;shillyshally
a1764-.jpg;checkyourcoat
a1765-.jpg;awesomedude
a1766-.jpg;melodypond
a1767-.jpg;skynetknows
a1768-.jpg;dharmainitiative
a1769-.jpg;frabjousday
a1770-.jpg;missyou
a1771-.jpg;wintersnow
a1772-.jpg;momanadad
a1773-.jpg;snaredrum
a1774-.jpg;leftorright
a1775-.jpg;deepthought
a1776-.jpg;heresjohnny
a1777-.jpg;generaltso
a1778-.jpg;notinkansas
a1779-.jpg;yourenotlistening
a1780-.jpg;imblessed
a1781-.jpg;spaceisbig
a1782-.jpg;jamtomorrow
a1783-.jpg;scienceitworks
a1784-.jpg;dobedobedo
a1785-.jpg;inthebox
a1786-.jpg;hoipolloi
a1787-.jpg;movealong
a1788-.jpg;notyet
a1789-.jpg;freshwater
a1790-.jpg;firstwater
a1791-.jpg;thinktwice
a1792-.jpg;hardcheese
a1793-.jpg;drinkmilk
a1794-.jpg;youarehappy
a1795-.jpg;jimmyhorner
a1796-.jpg;nauticalphrases
a1797-.jpg;whetyourappetite
a1798-.jpg;rhyrningslang
a1800-.jpg;catsdade
a1801-.jpg;easypeasy
a1802-.jpg;passinglane
a1803-.jpg;brokenrecord
a1804-.jpg;rodentsofunusualsize
a1805-.jpg;mybetterhalf
a1806-.jpg;asiseeit
a1808-.jpg;birthdayboy
a1809-.jpg;exclamation
a1810-.jpg;rollover
a1811-.jpg;doyouloveme
a1812-.jpg;partialderivative
a1813-.jpg;cartrouble
a1814-.jpg;skynetknows
a1815-.jpg;breadoflife
a1818-.jpg;oneway
a1819-.jpg;canilove
a1820-.jpg;upordown
a1821-.jpg;sudomakesandwich
a1822-.jpg;righthandturn
a1824-.jpg;beerinabottle
a1825-.jpg;halfempty
a1827-.jpg;goosebumps
a1828-.jpg;madscience
a1829-.jpg;steveholt
a1830-.jpg;agreetodisagree
a1831-.jpg;steampunk
a1832-.jpg;carryon
a1833-.jpg;sabertooth
a1834-.jpg;boiledcabbage
a1835-.jpg;goosebumps
a1836-.jpg;tallstory
a1838-.jpg;firstwater
a1839-.jpg;civilwar
a1841-.jpg;armytraining
a1843-.jpg;uncleleo
a1844-.jpg;blackandwhite
a1845-.jpg;wellnow
a1846-.jpg;cabbageborsht
a1847-.jpg;underthesea
a1849-.jpg;checkyourcoat
a1850-.jpg;yesmaam
a1851-.jpg;fulltilt
a1853-.jpg;greasedlightning
a1854-.jpg;kickthecan
a1856-.jpg;butlerdidit
a1857-.jpg;youtheman
a1858-.jpg;whoathere
a1862-.jpg;dalekasylum
a1863-.jpg;fashionvictim
a1864-.jpg;amihappy
a1865-.jpg;whoopsadaisy
a1866-.jpg;somebodythatiusedtoknow
a1867-.jpg;saveface
a1868-.jpg;uncleleo
a1869-.jpg;extracheese
a1870-.jpg;geneparmesan
a1872-.jpg;iknownothing
a1873-.jpg;queennefertiti
a1874-.jpg;treatyoself
a1876-.jpg;nobrainer
a1877-.jpg;thisissparta
a1880-.jpg;isee
a1881-.jpg;playball
a1885-.jpg;lawofsines
a1886-.jpg;hardlines
a1887-.jpg;itdoesntcount
a1888-.jpg;handsdown
a1889-.jpg;fieldday
a1890-.jpg;crosstherubicon
a1892-.jpg;hitthesack
a1893-.jpg;takecare
a1894-.jpg;ofcourse
a1895-.jpg;changetheworld
a1896-.jpg;ludwigvan
a1898-.jpg;manywishes
a1901-.jpg;leavemealone
a1902-.jpg;thathurts
a1903-.jpg;wegoforwards
a1904-.jpg;spicy
a1905-.jpg;lookingglass
a1906-.jpg;mayanruins
a1908-.jpg;nowquaint
a1909-.jpg;dobedobedo
a1911-.jpg;spendtime
a1912-.jpg;catchtheman
a1915-.jpg;funwithflags
a1916-.jpg;thatisyourquest
a1917-.jpg;ivorytower
a1918-.jpg;karmapoints
a1919-.jpg;junejuly
a1920-.jpg;beantown
a1921-.jpg;gordonbennett
a1922-.jpg;drycleanonly
a1923-.jpg;thereisonlyzul
a1924-.jpg;totalshamble
a1925-.jpg;letitbe
a1926-.jpg;sorrysight
a1928-.jpg;toodleoo
a1929-.jpg;runthrough
a1930-.jpg;windowdressing
a1931-.jpg;visais
a1932-.jpg;funwithflags
a1933-.jpg;inthedoldrums
a1934-.jpg;enjoylife
a1935-.jpg;takealook
a1936-.jpg;upvotethis
a1937-.jpg;howareyou
a1938-.jpg;honeymustard
a1939-.jpg;technicoloryawn
a1940-.jpg;spicyhot
a1941-.jpg;wellisntthatyspecial
a1942-.jpg;ilovedeadlines
a1943-.jpg;goodevening
a1944-.jpg;rhodeisland
a1945-.jpg;catchtheman
a1946-.jpg;halcyondays
a1947-.jpg;collaborareandlisten
a1948-.jpg;leapsandbounds
a1949-.jpg;noregrets
a1950-.jpg;dalekasylum
a1951-.jpg;trustme
a1952-.jpg;biggerintexas
a1953-.jpg;blessyou
a1954-.jpg;peterout
a1955-.jpg;snamesame
a1956-.jpg;wellnow
a1957-.jpg;riverstyx
a1958-.jpg;hamandcheese
a1960-.jpg;openseason
a1961-.jpg;hoitytoity
a1962-.jpg;inthecat
a1963-.jpg;learntheropes
a1964-.jpg;dalekasylum
a1965-.jpg;faitaccompli
a1966-.jpg;doublewhammy
a1967-.jpg;lookbothways
a1968-.jpg;intheair
a1969-.jpg;sourgrapes
a1970-.jpg;steeringwheel
a1971-.jpg;ridethesubway
a1972-.jpg;badapples
a1973-.jpg;moneylender
a1974-.jpg;hookworm
a1975-.jpg;toodleoo
a1976-.jpg;loveme
a1977-.jpg;hoagieroll
a1978-.jpg;bonusround
a1979-.jpg;caesarsalad
a1980-.jpg;chowdown
a1981-.jpg;sorrydave
a1982-.jpg;faitaccompli
a1988-.jpg;earcandy
a1989-.jpg;silverlining
a1991-.jpg;amihappy
a1999-.jpg;havefun
a2001-.jpg;veganzombiewantsgrains
a2002-.jpg;thinktwice
a2003-.jpg;benice
a2005-.jpg;youfirst
a2006-.jpg;lardydardy
a2007-.jpg;alldancing
a2008-.jpg;leavemealone
a2009-.jpg;mindthegap
a2010-.jpg;goodevening
a2011-.jpg;noholdsbarred
a2012-.jpg;cherryontop
a2013-.jpg;armytraining
a2014-.jpg;pickledpeppers
a2015-.jpg;firstcontact
a2016-.jpg;laserbeams
a2017-.jpg;rhymingslang
a2018-.jpg;learnchallengeimprove
a2019-.jpg;weaselwords
a2020-.jpg;fallguy
a2021-.jpg;paintitred
a2022-.jpg;longinthetooth
a2023-.jpg;dearsir
a2024-.jpg;carryatrowel
a2025-.jpg;kittykat
a2026-.jpg;upwardslope
a2027-.jpg;charmoffensive
a2028-.jpg;brushyourteeth
a2029-.jpg;needabiggerboat
a2030-.jpg;stonesoup
a2031-.jpg;markitzero
a2032-.jpg;rosielea
a2033-.jpg;drivemetofirenze
a2034-.jpg;getout
a2035-.jpg;ithinkican
a2036-.jpg;onceagain
a2037-.jpg;betternexttime
a2038-.jpg;coldturkey
a2039-.jpg;omnomnom
a2040-.jpg;carpediem
a2041-.jpg;wildandcrazyguys
a2042-.jpg;bigbrother
a2043-.jpg;teaearlgrayhot
a2044-.jpg;makemyday
a2045-.jpg;jumpover
a2046-.jpg;clownaround
a2047-.jpg;milokoplus
a2048-.jpg;unchartedisland
a2049-.jpg;doodahman
a2050-.jpg;thinkgreen
a2051-.jpg;yesdefinitely
a2052-.jpg;puppylove
a2053-.jpg;cookiecutter
a2054-.jpg;highflyer
a2055-.jpg;thankyoucomeagain
a2056-.jpg;catgotyourtongue
a2057-.jpg;hairyeyeball
a2058-.jpg;silverlining
a2059-.jpg;nowandforever
a2060-.jpg;thebeesknees
a2061-.jpg;paytheferryman
a2062-.jpg;lookbeforecrossing
a2063-.jpg;easyascake
a2065-.jpg;livelife
a2066-.jpg;somebodythatiusedtoknow
a2067-.jpg;comfortzone
a2068-.jpg;iwantcontrol
a2069-.jpg;willynilly
a2070-.jpg;marsrover
a2071-.jpg;sauerkraut
a2072-.jpg;forsure
a2073-.jpg;itssupereffective
a2074-.jpg;marblerye
a2075-.jpg;sausages
a2076-.jpg;letmeknow
a2077-.jpg;agreetodisagree
a2078-.jpg;sorrysight
a2079-.jpg;aprilshowers
a2080-.jpg;nittygritty
a2081-.jpg;domesticspying
a2082-.jpg;nosyparker
a2083-.jpg;skidrow
a2084-.jpg;oopsadaisy
a2085-.jpg;rosielea
a2086-.jpg;davidafterdentist
a2087-.jpg;oldshoes
a2088-.jpg;faitaccompli
a2089-.jpg;doubletime
a2090-.jpg;applejuke
a2091-.jpg;lizardpoisonsspook
a2092-.jpg;hellonewman
a2093-.jpg;followme
a2094-.jpg;geewhiz
a2095-.jpg;mincedoaths
a2096-.jpg;turnsignal
a2097-.jpg;thecatlady
a2098-.jpg;offtherecord
a2099-.jpg;onefellswoop
a2100-.jpg;thereisonlyzul
a2101-.jpg;nomeansno
a2102-.jpg;betternexttime
a2103-.jpg;droptableusers
a2104-.jpg;pushtheenvelope
a2105-.jpg;toboot
a2106-.jpg;pandorasbox
a2107-.jpg;callme
a2108-.jpg;wouldyoubelieve
a2109-.jpg;bottledwater
a2110-.jpg;paintitred
a2111-.jpg;bigscreen
a2112-.jpg;spoilers
a2113-.jpg;onceagain
a2114-.jpg;winhandsdown
a2115-.jpg;puppylove
a2116-.jpg;moreinternets
a2117-.jpg;forthebirds
a2118-.jpg;loveydovey
a2119-.jpg;untiltomorrow
a2120-.jpg;upandaway
a2121-.jpg;amihappy
a2122-.jpg;takeumbrage
a2123-.jpg;complexnumber
a2124-.jpg;catgotyourtongue
a2125-.jpg;inthebox
a2126-.jpg;nevergonnagiveyouup
a2127-.jpg;allyourbase
a2128-.jpg;paperplate
a2129-.jpg;solifelike
a2130-.jpg;azgothsofkria
a2131-.jpg;cherryontop
a2132-.jpg;friendzone
a2133-.jpg;brokenheart
a2134-.jpg;pushharder
a2135-.jpg;guitarplayer
a2136-.jpg;heatup
a2137-.jpg;omnomnom
a2138-.jpg;withbellson
a2139-.jpg;wildgoosechase
a2141-.jpg;mymindseye
a2142-.jpg;itiscertain
a2143-.jpg;madscience
a2144-.jpg;shoulderoforion
a2145-.jpg;goodevening
a2147-.jpg;longinthetooth
a2148-.jpg;rackandruin
a2149-.jpg;nosyparker
a2150-.jpg;topsyturvy
a2151-.jpg;bottledwater
a2152-.jpg;loveyou
a2153-.jpg;bathtowel
a2154-.jpg;nevermind
a2155-.jpg;catchtheman
a2157-.jpg;outofsorts
a2158-.jpg;areyouready
a2159-.jpg;toweldry
a2160-.jpg;genghiskhan
a2161-.jpg;franklymydear
a2162-.jpg;bythebook
a2163-.jpg;seemslegit
a2164-.jpg;tallbuilding
a2165-.jpg;openseason
a2166-.jpg;pushon
a2167-.jpg;pleasedaspunch
a2168-.jpg;highflyer
a2170-.jpg;yadayada
a2171-.jpg;winning
a2172-.jpg;thankyou
a2173-.jpg;greasedlightning
a2174-.jpg;inthecart
a2176-.jpg;headhoncho
a2177-.jpg;fallguy
a2178-.jpg;milkshake
a2179-.jpg;asiseeit
a2180-.jpg;soundout
a2181-.jpg;seashell
a2182-.jpg;enjoylife
a2183-.jpg;goestoeleven
a2184-.jpg;lollerskates
a2185-.jpg;takenaback
a2186-.jpg;twoleftfeet
a2187-.jpg;dragonfly
a2188-.jpg;rackandruin
a2189-.jpg;lookbothways
a2191-.jpg;imblessed
a2192-.jpg;caesarsalad
a2193-.jpg;dontstop
a2194-.jpg;saveit
a2195-.jpg;roustbeef
a2196-.jpg;stumpup
a2197-.jpg;longinthetooth
a2198-.jpg;teaearlgrayhot
a2199-.jpg;ladiesfirst
a2200-.jpg;iamtomorrow
a2201-.jpg;sleeptight
a2202-.jpg;philadelphia
a2203-.jpg;crocodiletears
a2204-.jpg;asiseeit
a2205-.jpg;hastemakeswaste
a2206-.jpg;surfaceintegral
a2207-.jpg;haveaninkling
a2208-.jpg;goldrecord
a2209-.jpg;sheldonalphafive
a2210-.jpg;thedennissystem
a2211-.jpg;walkfree
a2212-.jpg;mooshoopork
a2213-.jpg;countingsheep
a2214-.jpg;quotations
a2215-.jpg;charmoffensive
a2216-.jpg;runfarther
a2217-.jpg;kittykat
a2218-.jpg;nicejob
a2219-.jpg;flipflops
a2220-.jpg;onedaymore
a2221-.jpg;noholdsbarred
a2222-.jpg;firstpost
a2223-.jpg;toysoldier
a2224-.jpg;seashore
a2225-.jpg;markitzero
a2226-.jpg;cartrouble
a2227-.jpg;untiltomorrow
a2228-.jpg;eatyourveggies
a2229-.jpg;slipperyslope
a2230-.jpg;justdance
a2231-.jpg;longdivision
a2232-.jpg;trainsurfing
a2233-.jpg;flipflops
a2234-.jpg;hoverhand
a2235-.jpg;ithinkso
a2236-.jpg;onesmallstepforman
a2237-.jpg;silverlining
a2238-.jpg;dontbelate
a2239-.jpg;grumpycat
a2240-.jpg;candothis
a2241-.jpg;paperjam
a2242-.jpg;imustacheyouwhy
a2243-.jpg;cutthemustard
a2244-.jpg;getwell
a2245-.jpg;cherryontop
a2246-.jpg;geneparmesan
a2247-.jpg;raisecain
a2248-.jpg;timemachine
a2251-.jpg;sweetypie
a2252-.jpg;sincewhen
a2253-.jpg;dicedonion
a2254-.jpg;franklymydear
a2255-.jpg;beerinabottle
a2256-.jpg;thatsit
a2257-.jpg;dalekasylum
a2258-.jpg;sudomakesandwich
a2260-.jpg;pushtheedge
a2261-.jpg;walkthewalk
a2262-.jpg;earmark
a2263-.jpg;realhoopyfrood
a2264-.jpg;beautifulfriendship
a2265-.jpg;fancyfree
a2267-.jpg;easypeasy
a2268-.jpg;callme
a2269-.jpg;seekbeauty
a2270-.jpg;howsitgoing
a2271-.jpg;shesawitch
a2272-.jpg;outofsorts
a2273-.jpg;nosyparker
a2274-.jpg;havefun
a2275-.jpg;cheesesteack
a2276-.jpg;klatuberadanikto
a2277-.jpg;lolcat
a2278-.jpg;lawngiland
a2279-.jpg;meatwithgravy
a2280-.jpg;runthrough
a2281-.jpg;blackmonday
a2282-.jpg;lameduck
a2284-.jpg;partyongarth
a2285-.jpg;jerrybuilt
a2286-.jpg;nauticalphrases
a2287-.jpg;quidproquo
a2288-.jpg;pointsdontmatter
a2289-.jpg;longinthetooth
a2290-.jpg;tunafish
a2291-.jpg;yesthisisdog
a2292-.jpg;eightysix
a2293-.jpg;faitaccompli
a2294-.jpg;grumpycat
a2295-.jpg;trickledown
a2296-.jpg;buckleyourshoe
a2297-.jpg;lookbeforecrossing
a2300-.jpg;puddingpops
a2301-.jpg;doyoubeliveinmiracles
